Age,Lon,Lat,Distance
0.7800,-138.0704,-54.7408,-58.5816
0.7800,-138.0435,-54.7011,-57.7260
0.7800,-138.0143,-54.6758,-56.6892
0.7800,-137.2106,-54.9759,57.5867
0.7800,-137.1864,-54.9379,53.0835
0.7800,-137.1575,-54.9122,57.7443
43.7890,-152.5812,-50.2381,-2125.8395
43.7890,-152.5296,-50.1880,-2126.0355
43.7890,-152.4884,-50.1434,-2126.7190
41.3890,-152.0023,-50.4716,-2037.0824
41.3890,-151.9525,-50.4208,-2037.5530
41.3890,-151.9156,-50.3797,-2038.2910
40.1300,-151.8279,-50.5404,-2010.5132
40.1300,-151.7799,-50.4877,-2011.3979
40.1300,-151.7371,-50.4470,-2011.4620
38.4260,-151.2617,-50.7573,-1925.0200
38.4260,-151.2212,-50.7069,-1926.4373
38.4260,-151.1779,-50.6668,-1926.3721
37.4730,-151.0279,-50.8506,-1889.2787
37.4730,-150.9844,-50.8010,-1890.2905
37.4730,-150.9481,-50.7616,-1890.8905
36.6180,-150.8413,-50.9241,-1860.8712
36.6180,-150.7981,-50.8754,-1861.8104
36.6180,-150.7595,-50.8381,-1861.9248
36.3410,-150.7266,-50.9717,-1843.1293
36.3410,-150.6813,-50.9218,-1843.9772
36.3410,-150.6433,-50.8846,-1844.1591
35.6850,-150.4918,-51.0675,-1807.0032
35.6850,-150.4420,-51.0163,-1807.5223
35.6850,-150.3994,-50.9807,-1807.0155
34.9400,-150.2977,-51.1428,-1777.5804
34.9400,-150.2527,-51.0896,-1778.8383
34.6550,-150.2092,-51.1775,-1764.1270
34.9400,-150.2059,-51.0496,-1778.3956
34.6550,-150.1660,-51.1245,-1765.5527
34.6550,-150.1274,-51.0863,-1765.7813
33.5450,-149.8793,-51.3067,-1713.9854
33.5450,-149.8278,-51.2568,-1714.1727
33.5450,-149.7830,-51.2188,-1713.7013
33.0580,-149.7344,-51.3675,-1691.4987
33.0580,-149.6844,-51.3141,-1692.2493
33.0580,-149.6421,-51.2751,-1692.1701
30.9390,-149.0877,-51.6202,-1593.2709
30.9390,-149.0345,-51.5680,-1593.5412
30.9390,-148.9924,-51.5305,-1593.3110
30.4790,-148.9922,-51.6557,-1578.9676
30.4790,-148.9381,-51.6043,-1579.0465
30.4790,-148.8929,-51.5670,-1578.4657
30.0980,-148.8715,-51.6979,-1561.2107
30.0980,-148.8183,-51.6517,-1560.7932
30.0980,-148.7713,-51.6087,-1560.6644
29.4010,-148.5926,-51.7935,-1520.3855
29.4010,-148.5437,-51.7467,-1520.4816
29.4010,-148.5047,-51.7128,-1520.1823
28.7450,-148.3364,-51.9111,-1479.4632
28.7450,-148.2848,-51.8566,-1480.1613
28.7450,-148.2487,-51.8152,-1481.0258
28.2830,-148.1273,-51.9890,-1448.1353
28.2830,-148.0761,-51.9383,-1448.4506
28.2830,-148.0330,-51.9003,-1448.1648
27.9720,-147.9859,-52.0443,-1426.6613
27.9720,-147.9367,-51.9923,-1427.3265
27.9720,-147.8906,-51.9576,-1426.3552
27.0270,-147.6762,-52.1650,-1379.6443
27.0270,-147.6295,-52.1098,-1380.9588
27.0270,-147.5889,-52.0740,-1380.6996
26.5540,-147.5117,-52.2274,-1354.8888
26.5540,-147.4677,-52.1713,-1356.5837
26.5540,-147.4285,-52.1349,-1356.5341
25.8230,-147.2649,-52.3152,-1318.3856
25.8230,-147.2237,-52.2644,-1319.7782
25.8230,-147.1856,-52.2315,-1319.4420
24.8350,-146.9060,-52.4395,-1265.6971
24.8350,-146.8752,-52.3845,-1268.6827
24.8350,-146.8448,-52.3467,-1269.7444
24.0585,-146.6329,-52.5131,-1228.0020
24.0585,-146.5924,-52.4555,-1230.2458
24.0585,-146.5587,-52.4185,-1230.8566
23.0690,-146.2536,-52.6015,-1177.2186
23.0690,-146.2277,-52.5530,-1179.9972
23.0690,-146.2041,-52.5243,-1180.7432
21.1580,-145.6090,-52.7678,-1089.1010
21.1580,-145.5807,-52.7168,-1091.9016
21.1580,-145.5537,-52.6845,-1092.6893
20.1310,-145.2875,-52.8659,-1043.4087
20.1310,-145.2547,-52.8077,-1046.5534
20.1310,-145.2274,-52.7665,-1048.3353
19.0480,-144.9503,-52.9448,-998.2351
19.0480,-144.9221,-52.8952,-1000.8919
19.0480,-144.8969,-52.8652,-1001.6130
18.2810,-144.6696,-53.0205,-959.4882
18.2810,-144.6407,-52.9666,-962.5526
18.2810,-144.6193,-52.9356,-963.7988
17.4460,-144.4342,-53.0810,-927.3319
17.4460,-144.4041,-53.0270,-930.2868
17.4460,-144.3759,-52.9893,-931.5774
16.6410,-144.1615,-53.1535,-889.8128
16.6410,-144.1360,-53.0964,-893.6055
16.6410,-144.1104,-53.0556,-895.5192
16.1535,-143.9648,-53.1990,-863.5215
16.1535,-143.9648,-53.1990,-863.5215
16.1535,-143.9470,-53.1465,-867.6069
16.1535,-143.9470,-53.1465,-867.6069
16.1535,-143.9265,-53.1127,-869.2797
16.1535,-143.9265,-53.1127,-869.2797
15.0945,-143.5929,-53.2893,-813.3162
15.0945,-143.5767,-53.2418,-817.0140
15.0945,-143.5615,-53.2141,-818.5513
14.3950,-143.2983,-53.3727,-772.2065
14.3950,-143.2668,-53.3224,-774.5695
14.3950,-143.2363,-53.2752,-776.6988
13.0650,-142.7787,-53.4929,-702.7448
13.0650,-142.7558,-53.4521,-704.9515
13.0650,-142.7233,-53.4137,-705.8613
12.2925,-142.5166,-53.5651,-666.3915
12.2925,-142.4899,-53.5206,-668.6182
12.2925,-142.4593,-53.4806,-669.9012
10.9490,-141.9374,-53.7058,-588.2050
10.9490,-141.9157,-53.6655,-590.4807
10.9490,-141.8982,-53.6440,-591.0769
9.7400,-141.4648,-53.8338,-522.9025
9.7400,-141.4395,-53.7878,-525.4455
9.7400,-141.4145,-53.7517,-526.8908
8.8620,-141.1018,-53.9317,-472.7884
8.8620,-141.0770,-53.8819,-475.8271
8.8620,-141.0480,-53.8495,-476.4152
7.8610,-140.7695,-54.0133,-427.8268
7.8610,-140.7493,-53.9714,-430.4578
7.8610,-140.7221,-53.9396,-431.1739
5.8940,-140.1726,-54.1615,-346.8905
5.8940,-140.1593,-54.1295,-349.1240
5.8940,-140.1399,-54.1101,-349.2598
5.1050,-139.7357,-54.2866,-285.7403
5.1050,-139.7184,-54.2530,-287.7331
5.1050,-139.6960,-54.2306,-287.8856
4.2350,-139.3916,-54.3826,-237.8759
4.2350,-139.3718,-54.3467,-239.8584
4.2350,-139.3435,-54.3206,-239.8100
3.5800,-139.0893,-54.4650,-196.0497
3.5800,-139.0677,-54.4286,-197.8894
3.5800,-139.0476,-54.4101,-197.8516
1.8600,-136.5462,-55.1561,149.5914
1.8600,-136.5178,-55.1163,148.0458
1.8600,-136.4897,-55.0889,147.9051
2.5810,-136.0959,-55.2627,210.1550
2.5810,-136.0664,-55.2236,208.8214
2.5810,-136.0393,-55.2005,209.0572
3.5800,-135.1993,-55.4866,332.1153
3.5800,-135.1735,-55.4421,329.7480
3.5800,-135.1434,-55.4081,329.0464
4.2350,-134.8249,-55.5670,381.5136
4.2350,-134.8024,-55.5268,379.2958
4.2350,-134.7819,-55.5008,378.5008
5.1050,-134.1996,-55.7032,464.2618
5.1050,-134.1764,-55.6565,461.3662
5.1050,-134.1449,-55.6192,460.4431
5.8940,-133.7256,-55.7908,525.1790
5.8940,-133.7024,-55.7440,522.2762
5.8940,-133.6764,-55.7073,520.8293
6.5670,-133.1218,-55.8964,602.0903
6.5670,-133.1032,-55.8501,598.7499
6.5670,-133.0850,-55.8184,597.0559
7.8610,-132.3733,-56.0454,699.5300
7.8610,-132.3420,-55.9878,696.2498
7.8610,-132.3138,-55.9450,694.3344
8.8620,-131.7491,-56.1435,777.7674
8.8620,-131.7283,-56.0939,774.2748
8.8620,-131.7083,-56.0602,772.5330
9.7400,-131.2997,-56.2221,835.0142
9.7400,-131.2751,-56.1720,831.8677
9.7400,-131.2486,-56.1320,830.1041
10.9490,-130.6777,-56.3417,915.4931
10.9490,-130.6439,-56.2871,912.8192
10.9490,-130.6106,-56.2465,911.7064
12.2925,-129.9857,-56.4567,1002.9421
12.2925,-129.9675,-56.3669,994.5411
12.2925,-129.9523,-56.4088,1001.0017
13.0650,-129.5832,-56.5294,1054.4753
13.0650,-129.5593,-56.4790,1051.2236
13.0650,-129.5387,-56.4376,1048.6606
14.3950,-128.9573,-56.6465,1135.0865
14.3950,-128.9291,-56.5933,1131.9790
14.3950,-128.9049,-56.5519,1129.7937
15.0945,-128.6125,-56.7139,1179.8258
15.0945,-128.5804,-56.6593,1176.9727
15.0945,-128.5552,-56.6153,1174.5930
16.1535,-128.0349,-56.8211,1254.1135
16.1535,-128.0349,-56.8211,1254.1135
16.1535,-128.0077,-56.7630,1250.3250
16.1535,-128.0077,-56.7630,1250.3250
16.1535,-127.9802,-56.7192,1248.2249
16.1535,-127.9802,-56.7192,1248.2249
16.6410,-127.8337,-56.8554,1279.6472
16.6410,-127.8073,-56.7994,1276.0172
16.6410,-127.7855,-56.7540,1273.1124
17.4460,-127.4527,-56.9279,1328.8465
17.4460,-127.4204,-56.8669,1325.2782
17.4460,-127.3971,-56.8238,1322.8031
18.2810,-127.2063,-56.9677,1359.8548
18.2810,-127.1753,-56.9107,1356.6058
18.2810,-127.1442,-56.8659,1354.7740
19.0480,-126.9259,-57.0227,1396.2551
19.0480,-126.9024,-56.9600,1391.5448
19.0480,-126.8775,-56.9157,1389.1126
20.1310,-126.3775,-57.1208,1466.3712
20.1310,-126.3517,-57.0589,1461.9964
20.1310,-126.3230,-57.0143,1459.9284
21.1580,-126.0432,-57.1090,1500.8457
21.1580,-126.0216,-57.0698,1498.6468
21.1580,-126.0674,-57.1650,1504.7016
23.0690,-125.3960,-57.1720,1577.4980
23.0690,-125.4454,-57.2801,1584.6757
23.0690,-125.4127,-57.2214,1581.4131
24.0585,-124.9854,-57.3650,1643.7794
24.0585,-124.9588,-57.3081,1640.0702
24.0585,-124.9309,-57.2608,1637.6095
24.8350,-124.6943,-57.4094,1680.1171
24.8350,-124.6675,-57.3577,1677.0200
24.8350,-124.6407,-57.3122,1674.6511
25.8230,-124.2655,-57.4893,1735.3038
25.8230,-124.2333,-57.4320,1732.1378
25.8230,-124.2073,-57.3900,1730.0902
26.5540,-123.9560,-57.5451,1774.9209
26.5540,-123.9189,-57.4875,1772.2467
27.0270,-123.7361,-57.5822,1802.7586
27.0270,-123.7048,-57.5253,1799.5680
27.0270,-123.6714,-57.4849,1798.4869
26.5540,-123.8803,-57.4466,1771.6768
27.9720,-123.2872,-57.6648,1860.4260
27.9720,-123.2517,-57.6073,1857.6009
27.9720,-123.2169,-57.5680,1856.7958
28.2830,-123.0614,-57.7003,1888.7286
28.2830,-123.0236,-57.6472,1886.6505
28.2830,-122.9870,-57.6071,1885.9483
28.7450,-122.8354,-57.7419,1917.7570
28.7450,-122.7993,-57.6856,1915.1243
28.7450,-122.7655,-57.6491,1914.5437
29.4010,-122.4520,-57.8070,1966.3664
29.4010,-122.4158,-57.7518,1963.8837
29.4010,-122.3817,-57.7127,1963.0342
30.0980,-122.1032,-57.8715,2011.2067
30.0980,-122.0680,-57.8148,2008.4372
30.0980,-122.0320,-57.7742,2007.6194
30.4790,-121.8294,-57.9181,2045.9165
30.4790,-121.7949,-57.8616,2043.1049
30.4790,-121.7602,-57.8233,2042.4174
30.9390,-121.5673,-57.9631,2079.2116
30.9390,-121.5211,-57.9096,2077.9972
30.9390,-121.4804,-57.8714,2077.9626
33.0580,-120.4494,-58.2501,2232.1652
33.0580,-120.3989,-58.1966,2231.4143
33.0580,-120.3515,-58.1580,2232.0417
33.5450,-120.2742,-58.3110,2257.9709
33.5450,-120.2148,-58.2582,2258.2447
33.5450,-120.1698,-58.2190,2258.5559
34.6550,-119.8847,-58.4337,2313.8728
34.6550,-119.8313,-58.3816,2313.5883
34.6550,-119.7923,-58.3448,2313.5325
34.9400,-119.7800,-58.4670,2328.9375
34.9400,-119.7248,-58.4157,2328.9452
34.9400,-119.6850,-58.3804,2329.1516
36.3410,-119.4446,-58.5727,2377.0824
36.3410,-119.3884,-58.5198,2377.0104
36.3410,-119.3463,-58.4814,2377.1082
36.6180,-119.3186,-58.6145,2395.4142
36.6180,-119.2629,-58.5612,2395.2391
36.6180,-119.2207,-58.5236,2395.4313
37.4730,-119.0884,-58.6862,2428.3578
37.4730,-119.0346,-58.6341,2428.1194
37.4730,-119.0016,-58.5951,2427.1668
38.4260,-118.7626,-58.7903,2475.2964
38.4260,-118.7032,-58.7368,2475.5019
38.4260,-118.6577,-58.7003,2476.1699
40.1300,-118.4142,-59.2441,2564.9686
40.1300,-118.3182,-58.9366,2539.8152
40.1300,-118.2649,-58.8816,2539.1859
40.1300,-118.2043,-58.8312,2539.8638
41.3890,-118.0241,-59.3638,2620.5978
40.1300,-117.8518,-58.6315,2554.6437
41.3890,-117.8459,-59.0779,2606.7481
41.3890,-117.7893,-59.0275,2606.9915
41.3890,-117.7394,-58.9895,2607.9609
41.3890,-117.5048,-58.7405,2604.4172
43.7890,-117.1461,-59.6328,2745.7411
43.7890,-116.9754,-59.3542,2731.9225
43.7890,-116.9238,-59.3036,2731.6303
43.7890,-116.8810,-59.2663,2731.9122
43.7890,-116.6149,-59.0181,2731.8277
0.7800,-171.1413,-64.5047,-142.9427
0.7800,-171.0831,-64.4776,-142.4924
0.7800,-171.0238,-64.4493,-143.5110
0.7800,-170.4553,-64.6824,-26.1611
0.7800,-170.3803,-64.6529,-33.0981
0.7800,-170.3274,-64.6309,-40.1209
0.7800,-170.2732,-64.6068,-32.7121
0.7800,-170.1994,-64.5831,-30.2997
0.7800,-170.1192,-64.5640,-30.7608
0.7800,-170.0461,-64.5394,-16.1256
0.7800,-169.9782,-64.5020,-18.2377
43.7890,-156.2506,-68.7897,2312.8677
43.7890,-156.1823,-68.7558,2313.4532
43.7890,-156.1342,-68.7316,2313.7993
41.3890,-156.6450,-68.6095,2234.7710
41.3890,-156.5733,-68.5782,2236.2459
41.3890,-156.5221,-68.5560,2237.3228
40.1300,-156.9156,-68.4716,2178.3719
43.7890,-158.8141,-68.4483,1970.1794
40.1300,-156.8490,-68.4422,2179.6657
43.7890,-158.7443,-68.4199,1972.0253
40.1300,-156.7942,-68.4193,2180.9944
38.4260,-157.0496,-68.4096,2151.6768
38.4260,-156.9733,-68.3809,2154.1596
38.4260,-156.9182,-68.3612,2156.1466
43.7890,-158.4884,-68.3357,1982.7331
41.3890,-159.3209,-68.2789,1882.1973
34.6550,-157.5388,-68.2544,2068.3975
41.3890,-159.2462,-68.2480,1884.0600
41.3890,-159.1905,-68.2256,1885.5810
34.6550,-157.4600,-68.2226,2070.5259
34.6550,-157.4048,-68.2030,2072.5500
40.1300,-159.5290,-68.2003,1844.2631
33.5450,-157.7277,-68.1961,2036.5559
40.1300,-159.4626,-68.1720,1845.7585
33.5450,-157.6376,-68.1639,2039.8217
40.1300,-159.4145,-68.1518,1846.9033
33.0580,-157.8992,-68.1303,2005.1069
33.5450,-157.5131,-68.1182,2044.0959
33.0580,-157.8303,-68.1010,2006.6640
38.4260,-159.8509,-68.0860,1787.0368
33.0580,-157.7772,-68.0826,2008.7054
38.4260,-159.7930,-68.0605,1788.1812
38.4260,-159.7439,-68.0427,1789.9085
30.9390,-158.8212,-68.0417,1888.6403
30.4790,-158.9530,-67.9737,1860.9989
30.9390,-158.4851,-67.9426,1904.9902
30.0980,-159.0965,-67.9202,1834.9838
30.9390,-158.4178,-67.9139,1906.5009
34.6550,-160.3638,-67.9011,1695.3147
30.9390,-158.3726,-67.8977,1908.1346
30.4790,-158.6861,-67.8775,1870.5057
33.5450,-160.4380,-67.8768,1682.5244
34.6550,-160.3080,-67.8708,1695.2748
34.6550,-160.2634,-67.8528,1696.4839
33.5450,-160.3845,-67.8479,1682.5229
30.4790,-158.6211,-67.8472,1871.4517
33.0580,-160.5503,-67.8427,1663.7093
30.4790,-158.5801,-67.8325,1872.9293
30.0980,-158.8124,-67.8321,1847.9367
29.4010,-159.3495,-67.8301,1789.9568
33.5450,-160.3385,-67.8299,1683.8766
33.0580,-160.4892,-67.8119,1664.1448
30.0980,-158.7532,-67.8048,1848.8642
33.0580,-160.4408,-67.7927,1665.5134
30.0980,-158.7099,-67.7902,1850.6122
29.4010,-159.0986,-67.7445,1799.8482
29.4010,-159.0420,-67.7131,1799.6810
29.4010,-159.0011,-67.6962,1800.7087
28.7450,-159.3096,-67.6792,1764.2597
28.7450,-159.2531,-67.6475,1764.0140
28.7450,-159.2116,-67.6296,1764.9173
30.9390,-161.1625,-67.6233,1554.4862
28.2830,-159.4910,-67.6230,1733.6485
30.9390,-161.1060,-67.5963,1555.1779
28.2830,-159.4351,-67.5922,1733.5135
27.9720,-159.6133,-67.5849,1712.9672
30.4790,-161.2838,-67.5829,1533.4570
30.9390,-161.0660,-67.5796,1556.1409
28.2830,-159.3895,-67.5741,1734.8076
27.9720,-159.5596,-67.5543,1712.6350
30.4790,-161.2243,-67.5541,1534.1098
30.0980,-161.3851,-67.5467,1515.3869
30.4790,-161.1788,-67.5372,1535.6225
27.9720,-159.5163,-67.5357,1713.5933
30.0980,-161.3293,-67.5158,1515.2426
30.0980,-161.2906,-67.4999,1516.2268
27.0270,-159.8815,-67.4912,1665.5852
29.4010,-161.6258,-67.4642,1473.2059
27.0270,-159.8286,-67.4611,1665.2766
27.0270,-159.7855,-67.4449,1666.6774
29.4010,-161.5774,-67.4294,1471.4761
26.5540,-160.0910,-67.4239,1629.7460
29.4010,-161.5383,-67.4098,1471.7690
28.7450,-161.8068,-67.4010,1441.2391
26.5540,-160.0373,-67.3929,1629.3504
26.5540,-159.9930,-67.3761,1630.7555
28.7450,-161.7625,-67.3645,1438.7359
28.2830,-161.9936,-67.3524,1411.5555
25.8230,-160.3657,-67.3316,1581.9622
28.2830,-161.9620,-67.3196,1408.4253
25.8230,-160.3119,-67.3006,1581.5704
25.8230,-160.2742,-67.2859,1582.7031
27.9720,-162.1666,-67.2731,1377.2500
27.0270,-162.3817,-67.2693,1353.4383
28.7450,-161.6095,-67.2557,1433.5240
26.5540,-162.4914,-67.2401,1335.8710
24.8350,-160.6604,-67.2369,1531.5462
27.0270,-162.3445,-67.2315,1349.9109
27.0270,-162.3168,-67.2134,1349.2770
26.5540,-162.4502,-67.2062,1333.5515
24.8350,-160.6110,-67.2051,1530.5278
28.2830,-161.8063,-67.1938,1400.1254
24.8350,-160.5734,-67.1864,1530.8407
26.5540,-162.4115,-67.1833,1333.1430
24.0585,-160.8228,-67.1823,1503.2920
25.8230,-162.7485,-67.1733,1295.0432
24.0585,-160.7790,-67.1509,1501.7469
25.8230,-162.7075,-67.1462,1294.0437
24.0585,-160.7423,-67.1327,1502.0666
24.8350,-163.0149,-67.1118,1254.2484
23.0690,-161.0449,-67.1052,1464.1549
24.8350,-162.9813,-67.0835,1252.2303
23.0690,-161.0051,-67.0740,1462.2266
24.0585,-163.2493,-67.0547,1217.7768
23.0690,-160.9649,-67.0543,1462.6106
25.8230,-162.5642,-67.0515,1290.5973
24.0585,-163.2083,-67.0234,1215.9513
23.0690,-163.5173,-66.9945,1177.0745
24.8350,-162.8382,-66.9862,1248.2362
23.0690,-163.4700,-66.9664,1176.5678
21.1580,-161.6241,-66.9469,1370.6029
24.0585,-163.0890,-66.9396,1212.0934
21.1580,-161.5921,-66.9172,1368.1371
21.1580,-161.5631,-66.9003,1367.9010
23.0690,-163.3484,-66.8839,1173.2226
20.1310,-161.9872,-66.8671,1315.8159
20.1310,-161.9517,-66.8355,1313.3496
21.1580,-164.0465,-66.8311,1087.8756
20.1310,-161.9217,-66.8178,1313.0529
19.0480,-162.3118,-66.7839,1264.4988
20.1310,-164.3058,-66.7706,1048.0540
19.0480,-162.2760,-66.7560,1262.7840
18.2810,-162.5101,-66.7401,1234.5184
19.0480,-162.2412,-66.7385,1263.0251
21.1580,-163.9235,-66.7260,1080.1823
18.2810,-162.4739,-66.7107,1232.5654
19.0480,-164.5989,-66.7017,1002.9396
18.2810,-162.4351,-66.6897,1232.5633
20.1310,-164.2066,-66.6710,1038.9017
17.4460,-162.8166,-66.6690,1187.5311
18.2810,-164.8150,-66.6501,969.5180
17.4460,-162.7849,-66.6417,1185.5119
17.4460,-165.1488,-66.6315,930.0333
19.0480,-164.4573,-66.6207,1002.0287
16.6410,-163.0570,-66.6190,1151.8323
17.4460,-162.7426,-66.6165,1185.0424
16.1535,-163.1110,-66.6070,1143.6458
16.1535,-163.1110,-66.6070,1143.6458
16.6410,-163.0196,-66.5883,1149.7385
18.2810,-164.7540,-66.5828,962.6873
17.4460,-165.1094,-66.5793,923.8867
16.6410,-165.3760,-66.5768,894.8058
16.1535,-163.0715,-66.5763,1141.7898
16.1535,-163.0715,-66.5763,1141.7898
16.6410,-162.9815,-66.5657,1149.3256
16.1535,-163.0351,-66.5540,1141.2663
16.1535,-163.0351,-66.5540,1141.2663
16.1535,-165.5110,-66.5443,873.8743
16.1535,-165.5110,-66.5443,873.8743
16.6410,-165.2990,-66.5336,894.4786
15.0945,-163.5293,-66.5084,1079.2165
16.1535,-165.4279,-66.5019,874.3602
16.1535,-165.4279,-66.5019,874.3602
15.0945,-163.4924,-66.4781,1077.1516
15.0945,-163.4568,-66.4592,1077.2169
16.1535,-165.3570,-66.4527,872.1870
16.1535,-165.3570,-66.4527,872.1870
16.6410,-165.1514,-66.4395,891.6084
15.0945,-165.9910,-66.4364,800.9724
14.3950,-163.8469,-66.4300,1029.5988
16.1535,-165.2806,-66.4078,871.4578
16.1535,-165.2806,-66.4078,871.4578
14.3950,-163.8126,-66.4009,1027.4826
15.0945,-165.8753,-66.4002,806.1854
14.3950,-163.7783,-66.3807,1027.1425
14.3950,-166.2888,-66.3584,753.5461
15.0945,-165.7630,-66.3568,809.6033
13.0650,-164.2486,-66.3327,967.1908
12.2925,-164.6866,-66.3285,919.3899
14.3950,-166.1752,-66.3146,757.0239
13.0650,-164.2191,-66.3041,964.6665
10.9490,-165.4126,-66.3023,836.3445
13.0650,-164.1841,-66.2828,964.1854
10.9490,-165.3327,-66.2780,840.0833
12.2925,-164.6166,-66.2725,915.7692
10.9490,-165.2858,-66.2441,838.3766
13.0650,-166.7097,-66.2277,682.4430
12.2925,-164.5826,-66.2203,909.0436
10.9490,-165.2045,-66.1983,837.9940
13.0650,-166.6336,-66.1734,679.8220
9.7400,-165.9734,-66.1693,749.7926
10.9490,-165.1381,-66.1499,835.4972
12.2925,-166.9555,-66.1453,639.7257
9.7400,-165.9148,-66.1282,747.9099
13.0650,-166.5779,-66.1274,676.6548
10.9490,-165.0635,-66.1025,834.0783
9.7400,-165.8494,-66.0994,749.2000
8.8620,-166.2291,-66.0951,707.6351
12.2925,-166.8776,-66.0944,637.9653
9.7400,-165.7807,-66.0563,748.0028
8.8620,-166.1674,-66.0543,706.1443
12.2925,-166.8186,-66.0536,636.1851
8.8620,-166.1100,-66.0187,705.2257
9.7400,-165.6948,-66.0123,748.4710
7.8610,-166.5962,-65.9865,646.6990
8.8620,-166.0218,-65.9801,707.0133
10.9490,-167.4058,-65.9751,557.6344
9.7400,-165.6216,-65.9642,746.7629
7.8610,-166.5120,-65.9489,648.2564
10.9490,-167.3708,-65.9473,555.8599
8.8620,-165.9406,-65.9377,707.2955
10.9490,-167.2733,-65.9152,559.9361
7.8610,-166.4446,-65.9121,648.1716
6.5670,-167.1215,-65.9021,573.6091
8.8620,-165.8522,-65.8937,708.0317
7.8610,-166.3671,-65.8708,648.2755
6.5670,-167.0254,-65.8602,575.5881
9.7400,-167.8245,-65.8407,486.0356
6.5670,-166.9324,-65.8267,578.9036
7.8610,-166.2972,-65.8255,646.7699
9.7400,-167.7927,-65.8163,484.5979
5.8940,-167.4058,-65.8138,525.5838
8.8620,-168.0930,-65.7878,446.7381
7.8610,-166.2057,-65.7849,648.5140
6.5670,-166.8460,-65.7844,579.7632
5.8940,-167.3015,-65.7793,529.9122
9.7400,-167.7600,-65.7661,478.1303
6.5670,-166.7722,-65.7444,579.7287
5.8940,-167.2093,-65.7414,532.2678
8.8620,-168.0516,-65.7343,440.5477
5.1050,-167.7418,-65.7103,468.9954
6.5670,-166.7009,-65.7032,579.1878
7.8610,-168.3882,-65.6952,396.6898
5.8940,-167.1207,-65.6939,532.3301
5.1050,-167.6517,-65.6745,471.5431
6.5670,-166.6165,-65.6601,579.6740
5.8940,-167.0463,-65.6580,533.1745
5.1050,-167.5565,-65.6428,475.4521
7.8610,-168.3552,-65.6390,389.0623
5.8940,-166.9515,-65.6252,536.8221
7.8610,-168.3323,-65.6242,388.5772
5.1050,-167.5077,-65.6170,475.5585
4.2350,-168.0868,-65.6061,411.3031
7.8610,-168.2949,-65.5989,387.5606
5.1050,-167.4443,-65.5912,477.2302
5.8940,-166.8497,-65.5899,540.7236
4.2350,-168.0100,-65.5713,412.6234
6.5670,-168.8235,-65.5559,322.3421
5.1050,-167.3770,-65.5513,476.5187
4.2350,-167.9259,-65.5452,416.4549
6.5670,-168.7469,-65.5177,322.9655
5.1050,-167.2962,-65.5165,478.2679
4.2350,-167.8645,-65.5119,416.4221
4.2350,-167.7832,-65.4817,419.1388
6.5670,-168.6851,-65.4815,322.3994
5.1050,-167.2228,-65.4760,478.0912
5.8940,-169.1474,-65.4563,267.8259
4.2350,-167.7117,-65.4465,419.8114
3.5800,-168.2660,-65.4431,359.7051
3.5800,-168.2283,-65.4321,361.5618
4.2350,-167.6285,-65.4124,421.9570
3.5800,-168.1894,-65.4088,361.1033
5.8940,-169.1065,-65.4054,262.0984
5.8940,-169.0236,-65.3778,265.5033
4.2350,-167.5399,-65.3754,424.1054
3.5800,-168.1131,-65.3746,362.4893
5.8940,-168.9456,-65.3466,267.6675
3.5800,-168.0525,-65.3394,361.9932
3.5800,-167.9755,-65.3032,363.0568
2.5810,-168.9010,-65.2994,263.0718
5.1050,-169.5851,-65.2977,189.3864
3.5800,-167.8976,-65.2712,365.0514
2.5810,-168.8202,-65.2703,265.9535
5.1050,-169.4987,-65.2635,191.8552
2.5810,-168.7624,-65.2489,267.8989
5.1050,-169.4027,-65.2340,196.2871
2.5810,-168.7244,-65.2340,269.0129
5.1050,-169.3128,-65.2061,200.3829
2.5810,-168.6576,-65.1983,269.0823
2.5810,-168.6009,-65.1713,269.7972
4.2350,-169.9235,-65.1498,123.7194
1.8600,-169.1684,-65.1458,203.8848
2.5810,-168.5101,-65.1345,272.2212
1.8600,-169.1100,-65.1255,206.1132
4.2350,-169.8379,-65.1183,126.6389
1.8600,-169.0566,-65.1043,207.6266
2.5810,-168.4348,-65.0986,273.1622
4.2350,-169.7631,-65.0827,127.5858
1.8600,-168.9842,-65.0737,209.3096
3.5800,-170.1607,-65.0483,78.1215
1.8600,-168.9163,-65.0474,211.3645
1.8600,-168.8562,-65.0168,211.7287
3.5800,-170.0855,-65.0135,79.2703
1.8600,-168.7758,-64.9900,215.0245
3.5800,-170.0149,-64.9791,80.0053
2.5810,-170.5210,-64.8300,-3.8805
2.5810,-170.4183,-64.8107,3.2963
1.8600,-170.7761,-64.7149,-54.0996
1.8600,-170.7068,-64.6884,-51.9343
1.8600,-170.6535,-64.6572,-60.2067
1.8600,-170.6991,-64.4840,-99.8022
1.8600,-170.6391,-64.4646,-98.2763
1.8600,-170.5747,-64.4340,-98.3890
1.8600,-170.4997,-64.4098,-95.1393
1.8600,-170.4367,-64.3802,-94.2455
2.5810,-170.9747,-64.3714,-153.6711
2.5810,-170.9198,-64.3518,-151.6658
1.8600,-170.3741,-64.3507,-93.3749
2.5810,-170.8507,-64.3198,-150.5932
2.5810,-170.7559,-64.3070,-142.9634
2.5810,-170.7215,-64.2638,-147.8289
2.5810,-170.6449,-64.2352,-145.2790
3.5800,-171.2560,-64.2181,-214.1856
3.5800,-171.1959,-64.1781,-215.6620
3.5800,-171.1367,-64.1423,-216.4033
1.8600,-172.4379,-64.1269,-358.9643
4.2350,-171.4751,-64.1241,-256.2895
3.5800,-171.0719,-64.1122,-215.4155
1.8600,-172.3551,-64.0942,-356.5614
4.2350,-171.4121,-64.0877,-256.7421
3.5800,-171.0029,-64.0810,-214.1952
1.8600,-172.2760,-64.0621,-354.4364
4.2350,-171.3346,-64.0567,-254.5709
1.8600,-172.2032,-64.0294,-353.1057
4.2350,-171.2547,-64.0241,-252.4591
1.8600,-172.1422,-63.9927,-353.8322
2.5810,-172.7759,-63.9911,-422.0929
5.1050,-171.9257,-63.9699,-335.1341
1.8600,-172.0666,-63.9672,-350.7757
5.1050,-171.8697,-63.9510,-332.8722
2.5810,-172.6476,-63.9205,-422.3160
5.1050,-171.8034,-63.9139,-333.1096
2.5810,-172.5601,-63.9022,-416.5579
5.1050,-171.7518,-63.8776,-334.7647
2.5810,-172.4606,-63.8726,-411.7507
3.5800,-173.1127,-63.8536,-485.4295
5.1050,-171.6796,-63.8428,-333.9142
3.5800,-173.0503,-63.8311,-483.1942
5.1050,-171.6119,-63.8046,-334.2193
5.8940,-172.3231,-63.8013,-411.1260
3.5800,-172.9806,-63.7917,-483.5225
5.8940,-172.2701,-63.7727,-411.1064
3.5800,-172.9189,-63.7521,-484.7482
5.8940,-172.1855,-63.7286,-410.7678
3.5800,-172.8544,-63.7252,-483.1590
4.2350,-173.3483,-63.7230,-536.5494
3.5800,-172.7480,-63.6994,-476.8595
5.8940,-172.1606,-63.6921,-415.3252
6.5670,-172.6149,-63.6890,-464.6481
4.2350,-173.2701,-63.6865,-535.3922
6.5670,-172.5401,-63.6542,-463.5187
4.2350,-173.1902,-63.6525,-533.5576
5.8940,-172.1148,-63.6484,-419.0674
4.2350,-173.1221,-63.6222,-532.2556
6.5670,-172.4660,-63.6195,-462.4447
5.8940,-172.0445,-63.6138,-418.3810
4.2350,-173.0404,-63.5880,-530.2677
5.1050,-173.7390,-63.5833,-606.1006
6.5670,-172.4153,-63.5815,-464.5329
5.1050,-173.6558,-63.5474,-604.2885
6.5670,-172.3448,-63.5430,-464.5972
5.1050,-173.5722,-63.5146,-601.8196
6.5670,-172.2843,-63.5080,-465.0407
7.8610,-173.1334,-63.4928,-559.0890
5.1050,-173.4941,-63.4832,-599.6633
7.8610,-173.0770,-63.4677,-558.0118
5.8940,-174.0765,-63.4648,-665.7502
5.1050,-173.3959,-63.4561,-594.5004
7.8610,-173.0170,-63.4420,-556.6675
5.8940,-173.9864,-63.4290,-663.1784
7.8610,-172.9586,-63.3982,-559.0785
5.8940,-173.9027,-63.3928,-661.3721
8.8620,-173.4454,-63.3727,-616.3213
7.8610,-172.8807,-63.3718,-555.9536
6.5670,-174.3314,-63.3706,-711.7320
5.8940,-173.8290,-63.3571,-660.5389
6.5670,-174.2345,-63.3382,-707.7580
8.8620,-173.4001,-63.3322,-619.4835
5.8940,-173.7475,-63.3204,-659.0674
7.8610,-172.8453,-63.3169,-563.0285
8.8620,-173.3338,-63.2997,-618.8101
6.5670,-174.1535,-63.2991,-706.8153
7.8610,-172.7786,-63.2769,-563.7973
9.7400,-173.6947,-63.2705,-663.2867
8.8620,-173.2556,-63.2638,-617.5340
6.5670,-174.0808,-63.2600,-706.7626
7.8610,-174.7837,-63.2477,-784.5614
8.8620,-173.2058,-63.2273,-619.4218
9.7400,-173.6562,-63.2248,-668.2077
7.8610,-174.7289,-63.2035,-787.4377
8.8620,-173.1351,-63.1854,-620.1379
9.7400,-173.5988,-63.1839,-670.1517
7.8610,-174.6534,-63.1593,-788.0945
8.8620,-173.0772,-63.1449,-621.9491
8.8620,-175.2604,-63.1358,-857.8288
9.7400,-173.5560,-63.1314,-675.9581
7.8610,-174.5715,-63.1273,-785.6495
10.9490,-174.1498,-63.1106,-743.7425
9.7400,-173.4847,-63.1000,-674.5308
8.8620,-175.2116,-63.0888,-861.9028
10.9490,-174.0578,-63.0634,-743.2243
9.7400,-173.4442,-63.0475,-680.5837
8.8620,-175.2023,-63.0303,-872.4889
12.2925,-174.4651,-63.0276,-793.9826
10.9490,-173.9697,-63.0170,-742.9658
9.7400,-175.5540,-63.0082,-914.5733
9.7400,-173.3830,-63.0025,-682.9322
10.9490,-176.1470,-62.9915,-981.4601
12.2925,-174.4258,-62.9872,-797.7683
8.8620,-175.1572,-62.9870,-876.2270
10.9490,-173.8916,-62.9855,-740.8292
13.0650,-174.6732,-62.9773,-826.2543
9.7400,-175.5115,-62.9571,-920.1346
10.9490,-173.8393,-62.9468,-742.8845
10.9490,-176.0883,-62.9451,-984.3539
12.2925,-174.3699,-62.9417,-800.7841
8.8620,-175.0703,-62.9414,-875.9388
9.7400,-175.4498,-62.9147,-921.9147
13.0650,-174.5489,-62.9079,-826.6686
12.2925,-176.5174,-62.9023,-1038.8356
10.9490,-173.7761,-62.9013,-745.1176
12.2925,-174.3330,-62.8983,-805.4211
10.9490,-176.0425,-62.8905,-990.2543
13.0650,-174.5020,-62.8650,-830.1345
9.7400,-175.4065,-62.8584,-928.4198
12.2925,-174.2979,-62.8562,-809.9938
12.2925,-176.4547,-62.8561,-1041.2609
10.9490,-173.7345,-62.8526,-750.3001
10.9490,-175.9448,-62.8500,-987.7984
14.3950,-175.2315,-62.8416,-912.9832
13.0650,-176.7520,-62.8261,-1079.0768
13.0650,-174.4649,-62.8242,-834.2353
10.9490,-175.8784,-62.8109,-988.4211
12.2925,-174.2497,-62.8083,-814.3103
12.2925,-176.4043,-62.8044,-1046.0939
14.3950,-175.1284,-62.7993,-910.3046
13.0650,-174.4560,-62.7670,-844.6069
12.2925,-174.1742,-62.7660,-814.5910
13.0650,-176.6659,-62.7657,-1081.8099
10.9490,-175.8024,-62.7606,-990.2322
14.3950,-175.0611,-62.7570,-911.4644
12.2925,-176.3535,-62.7521,-1051.0029
14.3950,-177.0554,-62.7518,-1126.3157
15.0945,-175.4339,-62.7483,-953.1579
13.0650,-174.3772,-62.7236,-844.7516
14.3950,-175.0051,-62.7182,-913.1428
14.3950,-177.0205,-62.7170,-1129.4671
16.1535,-175.8360,-62.7152,-1002.8241
16.1535,-175.8360,-62.7152,-1002.8241
15.0945,-175.3577,-62.7000,-954.5515
16.6410,-175.9336,-62.6986,-1016.5754
14.3950,-176.9932,-62.6962,-1130.6636
15.0945,-177.2520,-62.6922,-1159.1953
16.1535,-175.8073,-62.6790,-1006.9147
16.1535,-175.8073,-62.6790,-1006.9147
14.3950,-174.9181,-62.6716,-913.0419
15.0945,-175.2494,-62.6691,-949.0582
15.0945,-177.2147,-62.6609,-1161.3969
16.6410,-175.9139,-62.6585,-1022.4032
13.0650,-176.5046,-62.6459,-1088.2205
15.0945,-177.1827,-62.6392,-1162.2696
14.3950,-174.8380,-62.6256,-913.5620
16.1535,-175.7502,-62.6252,-1011.4452
16.1535,-175.7502,-62.6252,-1011.4452
15.0945,-175.1585,-62.6245,-948.1431
16.6410,-175.8631,-62.6023,-1028.0844
16.1535,-175.6785,-62.5866,-1011.4007
16.1535,-175.6785,-62.5866,-1011.4007
16.1535,-177.6354,-62.5818,-1222.1776
16.1535,-177.6354,-62.5818,-1222.1776
15.0945,-175.0854,-62.5758,-949.9483
16.6410,-175.8044,-62.5593,-1030.3049
17.4460,-176.0817,-62.5584,-1060.2146
16.6410,-177.7525,-62.5485,-1241.3143
16.1535,-177.6026,-62.5484,-1225.2622
16.1535,-177.6026,-62.5484,-1225.2622
16.1535,-177.5721,-62.5299,-1225.6534
16.1535,-177.5721,-62.5299,-1225.6534
18.2810,-176.2978,-62.5200,-1090.9797
16.6410,-177.7162,-62.5145,-1244.1545
17.4460,-176.0317,-62.5145,-1063.5461
16.6410,-175.7448,-62.5081,-1034.0526
16.6410,-177.6873,-62.4950,-1244.9136
19.0480,-176.4313,-62.4905,-1111.1536
17.4460,-178.0244,-62.4681,-1286.3804
17.4460,-175.9571,-62.4648,-1065.3885
18.2810,-176.1928,-62.4474,-1094.1038
17.4460,-177.9905,-62.4348,-1289.3453
18.2810,-178.1853,-62.4189,-1313.3682
19.0480,-176.3428,-62.4183,-1115.9597
17.4460,-175.8727,-62.4181,-1065.5861
17.4460,-177.9592,-62.4136,-1290.1907
18.2810,-178.1598,-62.3871,-1316.9420
18.2810,-176.0930,-62.3732,-1098.0966
18.2810,-178.1295,-62.3668,-1317.7028
19.0480,-178.3887,-62.3649,-1345.8779
19.0480,-176.2483,-62.3411,-1121.1035
19.0480,-178.3545,-62.3326,-1348.6086
20.1310,-176.5148,-62.3265,-1152.5621
19.0480,-178.3052,-62.2952,-1350.7229
20.1310,-176.4789,-62.2939,-1155.1737
20.1310,-178.6144,-62.2934,-1384.2325
20.1310,-176.4460,-62.2750,-1155.4006
21.1580,-176.7879,-62.2698,-1193.0777
20.1310,-178.5897,-62.2603,-1388.1419
21.1580,-176.7524,-62.2376,-1195.6454
21.1580,-178.8547,-62.2183,-1424.8629
21.1580,-176.7231,-62.2172,-1196.5472
20.1310,-178.5412,-62.2059,-1393.7110
21.1580,-178.8335,-62.1807,-1430.0428
21.1580,-178.8191,-62.1531,-1433.9621
23.0690,-177.4388,-62.1390,-1288.7601
23.0690,-177.3967,-62.1055,-1290.8823
23.0690,-177.3670,-62.0859,-1291.5771
23.0690,-179.4042,-62.0404,-1519.0100
24.0585,-177.6423,-62.0321,-1331.7485
26.5540,-178.7570,-62.0146,-1454.7292
23.0690,-179.3798,-62.0028,-1523.8409
24.8350,-177.8757,-61.9971,-1363.7025
24.0585,-179.6062,-61.9812,-1552.3850
23.0690,-179.3531,-61.9755,-1526.3918
27.0270,-178.8870,-61.9732,-1476.8649
24.8350,-177.8344,-61.9679,-1365.0569
26.5540,-178.7020,-61.9663,-1458.3958
24.8350,-177.7944,-61.9447,-1365.3671
24.0585,-179.5668,-61.9424,-1555.8501
27.0270,-178.8530,-61.9007,-1487.5748
24.8350,-179.8456,-61.8969,-1594.7536
25.8230,-178.1865,-61.8923,-1417.7724
24.0585,-179.4758,-61.8667,-1561.0851
24.8350,-179.8065,-61.8641,-1597.0539
25.8230,-178.1438,-61.8606,-1419.4760
27.9720,-179.1540,-61.8531,-1529.2724
25.8230,-178.1052,-61.8421,-1419.0021
28.2830,-179.3500,-61.8400,-1552.8809
28.7450,-179.5210,-61.8157,-1576.0267
27.9720,-179.0930,-61.8084,-1531.5829
24.8350,-179.6836,-61.7850,-1599.5451
28.2830,-179.2650,-61.7800,-1555.6477
26.5540,-178.3817,-61.7782,-1461.2987
28.7450,-179.4620,-61.7440,-1583.8978
27.0270,-178.5024,-61.7360,-1482.5956
27.9720,-178.8630,-61.6515,-1537.9899
29.4010,-179.6530,-61.6435,-1624.2758
27.9720,-178.8260,-61.6254,-1539.1906
27.9720,-178.7903,-61.6000,-1540.3842
28.2830,-178.9285,-61.5907,-1557.0512
30.0980,-179.7670,-61.5752,-1650.0224
28.7450,-179.1338,-61.5192,-1593.2203
30.4790,-179.9250,-61.5050,-1680.8627
29.4010,-179.3172,-61.4541,-1625.7742
0.7800,-116.3241,-49.5349,44.8476
0.7800,-116.3059,-49.4762,45.0068
0.7800,-117.2142,-49.3411,-57.5680
0.7800,-117.1880,-49.2932,-57.8728
1.8600,-118.8159,-52.8919,-31.4395
1.8600,-119.3802,-52.6572,-101.6853
2.5810,-116.8718,-53.0947,196.3329
2.5810,-119.9373,-52.6320,-160.9253
3.5800,-116.3126,-53.1916,261.7868
4.2350,-115.9439,-53.3900,312.5743
5.1050,-115.3584,-53.3813,374.8532
5.1050,-120.5971,-52.6531,-232.0782
5.8940,-113.9628,-53.7573,545.8007
5.8940,-114.8161,-53.4031,434.2300
5.8940,-121.0066,-52.6554,-276.0354
5.8940,-121.7889,-52.2883,-378.3290
6.5670,-113.5647,-53.8468,593.5542
6.5670,-114.4270,-53.4828,480.4739
6.5670,-121.3207,-52.5062,-316.1662
7.8610,-112.9132,-53.9209,667.6154
7.8610,-122.7862,-52.1218,-494.4070
8.8620,-112.4020,-53.9599,724.6317
9.7400,-112.7099,-53.5741,669.7505
9.7400,-112.7117,-53.5466,668.0002
10.9490,-111.7627,-53.7094,778.9749
10.9490,-123.6267,-52.1642,-582.1946
12.2925,-110.4092,-54.1477,948.9446
12.2925,-111.2887,-53.8082,835.4016
13.0650,-110.2395,-54.1949,969.8077
14.3950,-109.5651,-54.3339,1050.0019
14.3950,-124.7185,-51.6056,-729.9489
15.0945,-109.1906,-54.3425,1090.6373
15.0945,-125.4295,-51.8060,-795.1718
15.0945,-125.2994,-51.6425,-790.1958
15.0945,-125.0471,-51.5242,-769.6458
16.1535,-108.6402,-54.3490,1150.0190
16.1535,-108.6402,-54.3490,1150.0190
16.1535,-125.8713,-51.7225,-847.1238
16.1535,-125.8713,-51.7225,-847.1238
16.1535,-125.4008,-51.4405,-812.1689
16.1535,-125.4008,-51.4405,-812.1689
16.6410,-108.4079,-54.3534,1175.1825
16.6410,-126.0842,-51.6783,-872.3848
17.4460,-108.0893,-54.3634,1209.9043
17.4460,-126.4087,-51.6155,-910.6202
18.2810,-107.8526,-54.3613,1235.1646
18.2810,-107.8097,-54.0928,1224.5455
18.2810,-107.7565,-53.9240,1220.6772
18.2810,-126.6714,-51.5541,-942.1580
19.0480,-107.4560,-53.9331,1253.4092
20.1310,-107.1064,-54.3735,1315.8573
20.1310,-107.1244,-53.9370,1289.1904
20.1310,-127.3779,-50.9535,-1050.9142
21.1580,-106.6750,-53.9488,1338.0436
21.1580,-127.7281,-50.8691,-1093.0908
23.0690,-128.3398,-50.7070,-1167.5876
24.0585,-105.4993,-54.4470,1492.3414
24.0585,-128.6781,-50.6168,-1208.8107
24.8350,-105.1340,-54.6004,1540.1969
24.8350,-128.9609,-50.5426,-1243.2003
25.8230,-104.5906,-54.6130,1599.1832
25.8230,-129.4877,-50.6810,-1292.0854
25.8230,-129.4447,-50.6392,-1289.7710
25.8230,-129.3236,-50.4464,-1287.3810
26.5540,-104.2179,-54.6184,1639.4413
26.5540,-129.7403,-50.6104,-1323.0485
26.5540,-129.6506,-50.5020,-1319.3833
26.5540,-129.5717,-50.3824,-1317.4979
27.0270,-103.9129,-54.6201,1672.2351
27.0270,-104.5508,-54.3084,1586.1796
27.0270,-104.5402,-54.1821,1580.1515
27.0270,-129.8707,-50.5857,-1338.3834
27.9720,-104.2312,-54.3736,1624.1437
27.9720,-104.1630,-54.2464,1624.2361
27.9720,-130.2462,-50.4944,-1383.6560
28.2830,-103.9685,-54.4281,1655.4000
28.2830,-103.8757,-54.2936,1657.7173
28.2830,-130.4115,-50.4783,-1402.2749
28.7450,-103.7493,-54.4732,1681.4552
28.7450,-103.6776,-54.3247,1680.7271
28.7450,-130.6043,-50.4695,-1423.4284
29.4010,-103.2389,-54.4011,1732.0928
29.4010,-130.9027,-50.4023,-1459.1142
30.0980,-102.8344,-54.4692,1779.3256
30.0980,-131.1864,-50.3450,-1492.6789
30.4790,-102.6136,-54.5082,1805.2086
30.4790,-131.3555,-50.3001,-1513.2713
30.9390,-102.3916,-54.5583,1831.8454
30.9390,-131.5333,-50.2454,-1535.3442
33.0580,-100.3661,-55.3660,2094.8082
33.0580,-101.3390,-54.7746,1956.9660
33.0580,-132.3901,-49.9275,-1644.6701
33.5450,-100.1940,-55.5578,2124.1327
33.5450,-100.1465,-55.4271,2121.8193
33.5450,-101.1964,-54.9887,1984.3892
33.5450,-101.1040,-54.8231,1984.9114
33.5450,-132.5611,-49.8326,-1668.2269
34.6550,-99.6655,-55.5487,2180.2837
34.6550,-132.9325,-49.6401,-1718.6155
34.9400,-133.0202,-49.6028,-1730.0736
35.6850,-133.2675,-49.4964,-1762.4305
36.3410,-133.5005,-49.4157,-1791.8421
37.4730,-98.6940,-55.8962,2304.1452
38.4260,-98.3269,-55.9998,2349.3769
38.4260,-99.1670,-55.6036,2236.8429
38.4260,-134.1015,-49.1445,-1871.1815
38.4260,-134.5851,-48.5051,-1958.1673
40.1300,-97.6969,-56.1720,2426.6827
40.1300,-98.4421,-55.7117,2320.6993
40.1300,-134.4502,-48.7972,-1927.6523
40.1300,-135.1167,-48.3483,-2023.7816
41.3890,-98.0177,-55.9211,2378.0710
41.3890,-97.9362,-55.8294,2381.6100
41.3890,-135.4592,-48.2469,-2066.0681
0.7800,-114.2312,-49.7005,-51.9627
0.7800,-114.2140,-49.5990,-53.2194
0.7800,-113.9992,-49.0427,-52.4164
0.7800,-113.9851,-48.9997,-53.0417
0.7800,-113.9738,-48.9658,-53.2975
0.7800,-113.4142,-49.8677,45.9630
0.7800,-113.3961,-49.8588,47.8972
0.7800,-113.0914,-49.1602,51.3088
0.7800,-113.0806,-49.1198,50.4704
0.7800,-113.0750,-49.0853,48.6666
1.8600,-112.7355,-49.9288,121.8569
1.8600,-112.7097,-49.8723,121.7285
1.8600,-112.4820,-49.2340,119.9981
1.8600,-112.4742,-49.1936,118.9943
1.8600,-112.4632,-49.1597,118.6379
1.8600,-115.7462,-49.6608,-119.1137
1.8600,-115.7204,-49.5999,-118.2081
1.8600,-114.8536,-49.5563,-120.8719
1.8600,-114.8281,-49.4723,-120.2480
1.8600,-114.6370,-48.9128,-125.3456
1.8600,-114.6194,-48.8713,-124.1885
1.8600,-114.6096,-48.8398,-123.6979
1.8600,-117.8297,-49.2267,-132.0534
1.8600,-117.8129,-49.1767,-132.5275
2.5810,-112.3655,-50.0170,166.0591
2.5810,-112.2941,-49.9857,172.1073
2.5810,-112.2750,-49.9458,172.1067
2.5810,-112.0539,-49.2887,168.3775
2.5810,-112.0425,-49.2492,167.8060
2.5810,-112.0349,-49.2160,167.1119
2.5810,-115.3418,-49.7364,-168.7052
2.5810,-115.3196,-49.6832,-169.1948
2.5810,-115.2409,-49.4687,-164.6796
2.5810,-115.2475,-49.4579,-165.9323
2.5810,-115.2213,-49.3748,-167.2952
2.5810,-118.2690,-49.1430,-183.0206
2.5810,-118.2289,-49.0976,-181.4195
2.5810,-115.0184,-48.8368,-167.5820
2.5810,-115.0066,-48.7914,-167.1189
2.5810,-114.9961,-48.7646,-166.4713
3.5800,-111.6985,-50.0400,238.7421
3.5800,-111.6912,-50.0726,241.1986
3.5800,-111.4787,-49.3599,233.2202
3.5800,-111.4754,-49.2918,230.5430
3.5800,-111.4745,-49.3218,231.9136
3.5800,-115.8255,-49.3901,-231.3110
3.5800,-115.7850,-49.3526,-228.8596
3.5800,-115.5745,-48.7212,-229.2453
3.5800,-115.5540,-48.6752,-227.8672
3.5800,-115.5438,-48.6354,-227.4734
3.5800,-114.8776,-49.8263,-220.2813
3.5800,-114.8526,-49.7842,-220.3513
3.5800,-118.8815,-49.0219,-255.2604
3.5800,-118.8583,-48.9777,-254.8267
4.2350,-111.2812,-50.1160,287.3886
4.2350,-111.2678,-50.0243,284.1168
4.2350,-111.0916,-49.4159,277.5383
4.2350,-111.0883,-49.3701,275.5953
4.2350,-111.0800,-49.3337,274.7131
4.2350,-116.1663,-49.3887,-267.9286
4.2350,-116.1470,-49.3376,-268.3890
4.2350,-116.1388,-49.2984,-269.1698
4.2350,-115.9362,-48.6500,-269.2921
4.2350,-115.9158,-48.6000,-267.9905
4.2350,-115.8992,-48.5549,-267.0140
4.2350,-114.5790,-49.9276,-290.2946
4.2350,-114.5626,-49.8469,-292.3859
4.2350,-114.5398,-49.7952,-293.3102
5.1050,-110.5079,-49.4912,343.7575
5.1050,-110.5009,-49.4063,340.3901
5.1050,-110.4980,-49.4450,342.6500
5.1050,-116.5184,-49.1978,-314.4219
5.1050,-116.5008,-49.1043,-317.3185
5.1050,-116.3528,-48.5547,-315.6488
5.1050,-116.3339,-48.5114,-314.3857
5.1050,-116.3248,-48.4772,-314.0133
5.1050,-114.0835,-50.0111,-232.8876
5.1050,-114.0731,-49.9582,-234.4835
5.1050,-114.0481,-49.8894,-235.3246
5.1050,-119.8132,-48.8723,-359.3833
5.1050,-119.7856,-48.8235,-357.2910
5.8940,-110.0063,-49.5509,398.9563
5.8940,-109.9984,-49.5085,399.0848
5.8940,-109.9967,-49.4751,397.9098
5.8940,-116.9833,-49.0232,-373.3331
5.8940,-116.9660,-48.9972,-372.7527
5.8940,-116.7821,-48.4582,-363.3849
5.8940,-116.7619,-48.4204,-361.8878
5.8940,-116.7509,-48.3867,-361.3095
5.8940,-113.5384,-50.0795,-385.3666
5.8940,-113.4971,-49.9751,-386.2982
5.8940,-120.2340,-48.7927,-405.9074
5.8940,-120.1910,-48.7497,-402.0603
6.5670,-110.5417,-50.2615,374.1312
6.5670,-109.6019,-49.6004,441.3174
6.5670,-109.5936,-49.5601,443.0052
6.5670,-109.5905,-49.5268,443.5548
6.5670,-117.3719,-48.9706,-417.4280
6.5670,-117.3716,-49.0392,-414.1672
6.5670,-117.1268,-48.3950,-401.4602
6.5670,-117.1093,-48.3495,-400.3905
6.5670,-117.0976,-48.3121,-399.7980
6.5670,-113.1252,-50.2292,417.1269
6.5670,-113.0859,-50.1812,418.8900
6.5670,-113.0799,-50.1414,417.4849
6.5670,-120.5112,-48.7391,-436.5793
6.5670,-120.4956,-48.6933,-435.7185
7.8610,-112.5389,-50.2600,481.5745
7.8610,-112.4941,-50.1661,481.5628
7.8610,-108.9372,-49.6894,515.3029
7.8610,-108.9290,-49.6451,514.8308
7.8610,-108.9280,-49.6131,513.9603
7.8610,-119.0427,-48.9159,-597.6520
7.8610,-119.0250,-48.8258,-597.3477
7.8610,-117.9199,-48.8790,-477.9226
7.8610,-117.9095,-48.9602,-475.3683
7.8610,-117.7007,-48.2701,-465.3331
7.8610,-117.6814,-48.2281,-464.1742
7.8610,-117.6686,-48.1886,-463.6503
7.8610,-121.1115,-48.6359,-502.7747
7.8610,-121.0847,-48.5849,-500.8014
8.8620,-118.4311,-48.9187,-532.0323
8.8620,-118.3911,-48.8508,-528.9494
8.8620,-118.3755,-48.7971,-528.2176
8.8620,-118.1768,-48.1733,-518.4722
8.8620,-118.1568,-48.1282,-517.3053
8.8620,-118.1451,-48.0890,-516.9010
8.8620,-112.0288,-50.3172,539.2024
8.8620,-111.9542,-50.1810,540.2201
8.8620,-108.4344,-49.7459,572.5190
8.8620,-108.4218,-49.7060,571.2617
8.8620,-108.4187,-49.6663,570.1865
8.8620,-121.6271,-48.5415,-559.7280
8.8620,-121.6067,-48.4905,-558.4448
8.8620,-121.5600,-48.4226,-554.6343
9.7400,-118.7356,-48.7735,-567.2447
9.7400,-118.7334,-48.7402,-567.6012
9.7400,-118.6116,-48.0788,-567.1389
9.7400,-118.5906,-48.0370,-565.7885
9.7400,-118.5795,-47.9964,-565.4714
9.7400,-120.0798,-48.6877,-712.8888
9.7400,-120.0746,-48.7215,-711.7370
9.7400,-120.0583,-48.6609,-711.0575
9.7400,-111.4545,-50.3329,601.5796
9.7400,-111.4507,-50.2372,597.0759
9.7400,-111.4474,-50.2927,600.2811
9.7400,-109.0192,-50.4639,547.7515
9.7400,-109.0101,-50.4276,546.8636
9.7400,-108.9973,-50.4855,551.2019
9.7400,-108.0841,-50.4503,647.3151
9.7400,-108.0804,-50.5475,652.6955
9.7400,-108.0692,-50.4889,650.8945
9.7400,-107.8935,-49.8208,635.3979
9.7400,-107.8775,-49.7746,634.0945
9.7400,-107.8748,-49.7312,631.5555
9.7400,-122.0078,-48.4706,-601.7972
9.7400,-121.9876,-48.4218,-600.4962
9.7400,-121.9517,-48.3767,-597.4436
10.9490,-120.4706,-48.6354,-755.7164
10.9490,-120.4286,-48.5634,-752.4894
10.9490,-119.2134,-48.6846,-620.0552
10.9490,-119.1686,-48.5666,-617.3380
10.9490,-119.0265,-48.0017,-613.2863
10.9490,-119.0164,-47.9580,-613.1469
10.9490,-119.0145,-47.9182,-613.8020
10.9490,-110.8889,-50.4624,561.6471
10.9490,-110.8641,-50.3452,558.2917
10.9490,-108.3361,-50.5879,627.3435
10.9490,-108.2637,-50.5419,632.7584
10.9490,-107.3047,-50.5906,738.0712
10.9490,-107.2655,-50.4991,737.5838
10.9490,-107.2628,-50.5408,740.0179
10.9490,-107.1116,-49.9213,724.4612
10.9490,-107.0957,-49.8747,723.7731
10.9490,-107.0914,-49.8362,722.3997
10.9490,-122.7035,-48.3351,-786.0035
10.9490,-122.6865,-48.2941,-784.9429
10.9490,-122.6467,-48.2281,-782.1122
12.2925,-110.2914,-50.5287,736.3199
12.2925,-110.2552,-50.4634,736.8643
12.2925,-110.2332,-50.3635,734.0904
12.2925,-107.6438,-50.7116,707.9176
12.2925,-107.6167,-50.6648,708.4235
12.2925,-106.6494,-50.7045,814.1762
12.2925,-106.6260,-50.6764,815.2378
12.2925,-106.4481,-50.0107,800.1833
12.2925,-106.4261,-49.9576,799.8145
12.2925,-106.4243,-49.9162,797.8872
12.2925,-119.8820,-48.6042,-693.1625
12.2925,-119.8537,-48.5291,-691.4546
12.2925,-121.0224,-48.5254,-816.8297
12.2925,-120.9965,-48.4552,-815.2914
12.2925,-123.3096,-48.1940,-746.7013
12.2925,-123.2771,-48.1249,-744.7121
12.2925,-123.2264,-48.1006,-739.7988
12.2925,-119.6278,-47.8973,-680.0174
12.2925,-119.6079,-47.8613,-678.6561
12.2925,-119.5987,-47.8256,-678.4457
13.0650,-120.1951,-48.5104,-728.3890
13.0650,-120.1693,-48.4495,-726.7026
13.0650,-120.1312,-48.3703,-724.0237
13.0650,-119.9156,-47.8594,-711.6855
13.0650,-119.8904,-47.8121,-710.0088
13.0650,-119.8798,-47.7727,-709.7252
13.0650,-109.9197,-50.5690,778.2424
13.0650,-109.8814,-50.4817,777.8787
13.0650,-107.2535,-50.7592,752.2049
13.0650,-107.2327,-50.7052,751.6730
13.0650,-106.1139,-50.7870,875.8190
13.0650,-106.1083,-50.7641,875.2480
13.0650,-106.0192,-50.0636,848.8736
13.0650,-105.9947,-50.0115,848.8321
13.0650,-105.9869,-49.9649,847.2837
13.0650,-123.6427,-48.1533,-783.2979
13.0650,-123.6262,-48.1123,-782.4176
13.0650,-123.5533,-48.0343,-776.2821
14.3950,-120.8228,-48.4109,-797.4537
14.3950,-120.8196,-48.4223,-796.9149
14.3950,-120.7536,-48.2995,-792.0259
14.3950,-120.4912,-47.7477,-775.8126
14.3950,-120.4660,-47.7038,-774.0644
14.3950,-120.4543,-47.6661,-773.6221
14.3950,-109.2043,-50.6477,858.9805
14.3950,-109.1782,-50.5708,857.8399
14.3950,-106.6272,-50.8250,822.7375
14.3950,-106.5673,-50.7643,826.0398
14.3950,-105.5819,-50.7690,931.9359
14.3950,-105.5796,-50.8053,934.0419
14.3950,-105.3164,-50.1442,928.3693
14.3950,-105.2954,-50.1009,928.3984
14.3950,-105.2923,-50.0580,926.5267
14.3950,-124.2119,-48.0429,-846.7053
14.3950,-124.1980,-48.0022,-846.1027
14.3950,-124.1633,-47.9499,-843.5060
15.0945,-121.1326,-48.4104,-830.6763
15.0945,-121.0947,-48.3240,-828.1528
15.0945,-120.8102,-47.6777,-811.5287
15.0945,-120.7788,-47.6258,-809.2866
15.0945,-120.7649,-47.5853,-808.6760
15.0945,-108.8523,-50.6870,898.7426
15.0945,-108.8178,-50.5703,896.4528
15.0945,-105.2135,-50.8527,975.7307
15.0945,-105.2132,-50.8929,977.8199
15.0945,-104.9562,-50.1866,969.1618
15.0945,-104.9378,-50.1433,968.9110
15.0945,-104.9335,-50.1042,967.3628
15.0945,-124.5484,-47.9807,-884.1369
15.0945,-124.5220,-47.9414,-882.1554
15.0945,-124.4818,-47.8940,-878.8633
16.1535,-121.5897,-48.2739,-882.2288
16.1535,-121.5897,-48.2739,-882.2288
16.1535,-121.5717,-48.2204,-881.4516
16.1535,-121.5717,-48.2204,-881.4516
16.1535,-121.5543,-48.1809,-880.4371
16.1535,-121.5543,-48.1809,-880.4371
16.1535,-121.2551,-47.5570,-861.8382
16.1535,-121.2551,-47.5570,-861.8382
16.1535,-121.2292,-47.5093,-860.4853
16.1535,-121.2292,-47.5093,-860.4853
16.1535,-121.2150,-47.4716,-860.2683
16.1535,-121.2150,-47.4716,-860.2683
16.1535,-108.3431,-50.7896,958.5931
16.1535,-108.3431,-50.7896,958.5931
16.1535,-108.3288,-50.7117,956.1341
16.1535,-108.3288,-50.7117,956.1341
16.1535,-108.3245,-50.7483,958.4687
16.1535,-108.3245,-50.7483,958.4687
16.1535,-105.7284,-50.9564,925.8411
16.1535,-105.7284,-50.9564,925.8411
16.1535,-105.7167,-50.8922,923.7998
16.1535,-105.7167,-50.8922,923.7998
16.1535,-104.4013,-50.2681,1032.8318
16.1535,-104.4013,-50.2681,1032.8318
16.1535,-104.3758,-50.2125,1032.7158
16.1535,-104.3758,-50.2125,1032.7158
16.1535,-104.3651,-50.1722,1031.8029
16.1535,-104.3651,-50.1722,1031.8029
16.1535,-125.0287,-47.8886,-937.6245
16.1535,-125.0287,-47.8886,-937.6245
16.1535,-125.0148,-47.8472,-937.0260
16.1535,-125.0148,-47.8472,-937.0260
16.1535,-124.9575,-47.8040,-931.8092
16.1535,-124.9575,-47.8040,-931.8092
16.6410,-121.8047,-48.2605,-905.5651
16.6410,-121.7829,-48.1949,-904.6466
16.6410,-121.7678,-48.1534,-903.9255
16.6410,-121.4549,-47.4981,-885.0670
16.6410,-121.4307,-47.4532,-884.0293
16.6410,-121.4196,-47.4111,-884.3019
16.6410,-108.1302,-50.8125,982.5978
16.6410,-108.1166,-50.7695,981.8452
16.6410,-108.1077,-50.7349,981.0348
16.6410,-105.3824,-51.0091,965.6398
16.6410,-105.3700,-50.9373,963.2917
16.6410,-104.1752,-50.2963,1058.5202
16.6410,-104.1533,-50.2415,1058.0562
16.6410,-104.1472,-50.2002,1056.5999
16.6410,-125.2318,-47.8474,-960.2841
16.6410,-125.2233,-47.8050,-960.2845
16.6410,-125.1630,-47.7641,-954.7057
17.4460,-122.1766,-48.1755,-947.2797
17.4460,-122.1635,-48.1380,-946.6883
17.4460,-122.1442,-48.0980,-945.4808
17.4460,-121.7490,-47.4219,-919.2363
17.4460,-121.7230,-47.3725,-918.1638
17.4460,-121.7082,-47.3334,-917.9286
17.4460,-107.7680,-50.8611,1023.9178
17.4460,-107.7492,-50.7727,1021.4058
17.4460,-107.7430,-50.8143,1024.1980
17.4460,-105.1045,-51.0552,997.8678
17.4460,-104.1343,-51.0051,1099.2528
17.4460,-105.1099,-50.9763,993.1703
17.4460,-104.1507,-50.9548,1094.9177
17.4460,-103.8344,-50.3310,1096.8431
17.4460,-103.8175,-50.2816,1096.1167
17.4460,-103.8054,-50.2437,1095.4695
17.4460,-125.5334,-47.7936,-993.7869
17.4460,-125.5040,-47.7488,-991.5985
17.4460,-125.4547,-47.7089,-987.1723
18.2810,-107.4314,-50.8495,1059.4222
18.2810,-107.4300,-50.8987,1062.0909
18.2810,-107.4072,-50.8026,1059.6075
18.2810,-103.8973,-51.0384,1126.3777
18.2810,-103.8317,-50.9924,1131.0386
18.2810,-103.8718,-50.9469,1124.4065
18.2810,-103.5984,-50.3621,1123.7428
18.2810,-103.5777,-50.3111,1123.3428
18.2810,-103.5680,-50.2680,1122.1781
18.2810,-122.4438,-48.1392,-976.7114
18.2810,-122.3949,-48.0305,-973.8156
18.2810,-125.8034,-47.7396,-1023.8949
18.2810,-125.7693,-47.6972,-1021.1651
18.2810,-122.0111,-47.3437,-950.0459
18.2810,-121.9935,-47.3071,-949.4319
18.2810,-121.9858,-47.2788,-949.5853
19.0480,-107.1268,-50.8834,1093.8178
19.0480,-107.1154,-50.9301,1097.4317
19.0480,-107.1021,-50.8434,1094.4104
19.0480,-103.5805,-51.0776,1162.5048
19.0480,-103.5533,-51.0286,1162.7432
19.0480,-103.5547,-50.9791,1160.0590
19.0480,-103.4064,-50.3930,1145.9127
19.0480,-103.3904,-50.3367,1144.7348
19.0480,-103.3912,-50.2932,1142.4237
19.0480,-122.7414,-48.0700,-1010.1119
19.0480,-122.7032,-48.0395,-1006.6752
19.0480,-122.7006,-47.9739,-1007.8118
19.0480,-126.0862,-47.6793,-1055.5258
19.0480,-126.0513,-47.6402,-1052.6297
19.0480,-122.4832,-47.2529,-1003.8081
19.0480,-122.4590,-47.2052,-1002.8669
19.0480,-122.4481,-47.1621,-1003.1909
20.1310,-106.6692,-50.9905,1148.3752
20.1310,-106.6463,-50.8948,1145.9184
20.1310,-106.6337,-50.9388,1149.5219
20.1310,-102.9616,-50.4474,1196.3936
20.1310,-102.9523,-50.3905,1194.4682
20.1310,-102.9560,-50.3423,1191.6010
20.1310,-123.1663,-47.9784,-1057.6484
20.1310,-123.1250,-47.9116,-1054.6677
20.1310,-123.1310,-47.8630,-1056.3542
20.1310,-126.4223,-47.7087,-1090.9227
20.1310,-126.3894,-47.6370,-1088.9473
20.1310,-126.3560,-47.5674,-1086.8709
20.1310,-122.8962,-47.1648,-1051.1406
20.1310,-122.8734,-47.1174,-1050.3387
20.1310,-122.8608,-47.0753,-1050.4480
21.1580,-106.2289,-51.0393,1198.0860
21.1580,-106.2090,-50.9872,1197.5360
21.1580,-102.5887,-50.4932,1238.7220
21.1580,-102.5803,-50.4370,1236.7392
21.1580,-102.5798,-50.3885,1234.3069
21.1580,-123.5826,-47.9598,-1102.6870
21.1580,-123.5289,-47.9290,-1097.5974
21.1580,-126.7816,-47.6469,-1130.7788
21.1580,-126.7082,-47.5386,-1125.2599
21.1580,-123.2390,-47.0771,-1090.9326
21.1580,-123.2215,-47.0423,-1090.2596
21.1580,-123.2167,-47.0141,-1090.7219
23.0690,-101.7857,-50.5949,1330.0254
23.0690,-101.7760,-50.5337,1327.9289
23.0690,-101.7747,-50.4853,1325.5906
23.0690,-124.1857,-47.7829,-1171.1699
23.0690,-124.1585,-47.6995,-1170.0529
23.0690,-127.2694,-47.5493,-1185.1967
23.0690,-127.2289,-47.4311,-1184.8171
23.0690,-123.8932,-46.9420,-1165.7457
23.0690,-123.8790,-46.9018,-1165.6198
23.0690,-123.8747,-46.8685,-1166.3055
24.0585,-101.5764,-51.2753,1388.3506
24.0585,-101.5608,-51.2341,1387.7388
24.0585,-104.9275,-51.2074,1346.9356
24.0585,-104.9065,-51.1545,1346.2507
24.0585,-101.3824,-50.6485,1376.0206
24.0585,-101.3715,-50.5848,1373.9198
24.0585,-101.3758,-50.5296,1370.6224
24.0585,-124.6002,-47.7190,-1216.9904
24.0585,-124.5448,-47.6225,-1213.1422
24.0585,-124.2605,-46.8689,-1207.6583
24.0585,-124.2519,-46.8205,-1208.4175
24.0585,-124.2480,-46.7840,-1209.2632
24.8350,-101.0109,-50.6936,1418.1620
24.8350,-100.9912,-50.6330,1417.1673
24.8350,-100.9901,-50.5781,1414.4759
24.8350,-100.8577,-50.4501,1422.1017
24.8350,-124.8740,-47.6633,-1247.5542
24.8350,-124.8619,-47.6161,-1247.2730
24.8350,-124.8535,-47.5595,-1247.5992
24.8350,-127.6954,-47.4672,-1233.5773
24.8350,-127.6243,-47.3470,-1230.1210
24.8350,-124.6019,-46.7979,-1246.7218
24.8350,-124.5877,-46.7485,-1246.9144
24.8350,-124.5836,-46.7163,-1247.5870
25.8230,-100.6646,-51.3931,1492.6343
25.8230,-100.6637,-51.3468,1490.1700
25.8230,-100.5453,-51.1384,1491.3099
25.8230,-100.5856,-50.7468,1466.4885
25.8230,-100.5617,-50.6858,1465.9212
25.8230,-100.5462,-50.6303,1464.7413
25.8230,-125.2625,-47.6578,-1289.3334
25.8230,-125.2481,-47.6348,-1288.2796
25.8230,-126.4270,-47.5067,-1417.8678
25.8230,-126.4221,-47.4878,-1417.9989
25.8230,-124.9267,-46.7247,-1284.0798
25.8230,-124.9089,-46.6751,-1283.8909
25.8230,-124.9002,-46.6350,-1284.3462
26.5540,-102.7967,-51.4268,1587.5642
26.5540,-100.4018,-51.4265,1522.6738
26.5540,-100.4131,-51.3955,1519.7397
26.5540,-102.7718,-51.3747,1587.3484
26.5540,-100.4157,-51.3570,1517.3240
26.5540,-102.7661,-51.3022,1583.9324
26.5540,-100.1745,-50.7938,1512.9749
26.5540,-100.1591,-50.7347,1511.6007
26.5540,-100.1562,-50.6802,1509.1086
26.5540,-125.5927,-47.5894,-1326.2101
26.5540,-125.5827,-47.5289,-1326.5825
26.5540,-126.7728,-47.4409,-1457.2220
26.5540,-126.7642,-47.4020,-1457.6466
26.5540,-125.2400,-46.6633,-1319.7980
26.5540,-125.2176,-46.6110,-1319.2091
26.5540,-125.2075,-46.5714,-1319.4942
27.0270,-102.6246,-51.3880,1603.8596
27.0270,-99.9363,-50.8239,1540.0550
27.0270,-99.9186,-50.7636,1538.8643
27.0270,-99.9178,-50.7093,1536.1615
27.0270,-125.8043,-47.5489,-1349.7694
27.0270,-125.8155,-47.4639,-1353.7930
27.0270,-126.9462,-47.4017,-1477.1777
27.0270,-126.9326,-47.3642,-1477.0071
27.0270,-125.4001,-46.6331,-1338.0081
27.0270,-125.3728,-46.5757,-1337.0698
27.0270,-125.3624,-46.5365,-1337.3068
27.0270,-100.2090,-51.4849,1546.5846
27.0270,-100.2034,-51.4472,1545.0899
27.0270,-102.6484,-51.4454,1604.5024
27.9720,-102.1690,-51.4266,1654.8483
27.9720,-100.9053,-51.4234,1468.5163
27.9720,-100.8695,-51.4095,1471.5860
27.9720,-99.4930,-50.8798,1590.4543
27.9720,-99.4701,-50.8190,1589.7955
27.9720,-99.4616,-50.7638,1587.8806
27.9720,-126.2433,-47.4083,-1401.5833
27.9720,-127.4130,-47.3402,-1529.3513
27.9720,-126.1811,-47.3240,-1397.8270
27.9720,-127.3883,-47.3037,-1527.9609
27.9720,-128.5188,-47.2748,-1650.1807
27.9720,-126.1735,-47.2725,-1398.8010
27.9720,-127.3436,-47.2707,-1524.3189
27.9720,-128.4724,-47.2134,-1647.3284
27.9720,-128.4285,-47.1490,-1644.8496
27.9720,-128.3960,-47.1098,-1642.7213
27.9720,-125.7811,-46.5361,-1703.8678
27.9720,-125.7581,-46.4921,-1702.9278
27.9720,-125.7536,-46.4552,-1703.7203
27.9720,-99.7881,-51.5644,1596.1170
27.9720,-99.7792,-51.5235,1594.8061
27.9720,-100.9240,-51.5170,1471.7049
27.9720,-102.1937,-51.5056,1656.5830
28.2830,-101.9838,-51.4291,1674.8534
28.2830,-101.9733,-51.3950,1674.0863
28.2830,-99.2752,-50.9072,1615.2091
28.2830,-99.2491,-50.8470,1614.9211
28.2830,-99.2382,-50.7923,1613.2817
28.2830,-126.3926,-47.3429,-1419.8521
28.2830,-127.5518,-47.3070,-1545.3836
28.2830,-126.3719,-47.2864,-1419.5854
28.2830,-127.5278,-47.2731,-1543.9824
28.2830,-127.4836,-47.2400,-1540.3889
28.2830,-128.7195,-47.1811,-1674.9436
28.2830,-128.6492,-47.1346,-1669.0117
28.2830,-128.6493,-47.0550,-1671.7752
28.2830,-128.5767,-47.0381,-1664.5768
28.2830,-125.9553,-46.4979,-1402.2242
28.2830,-125.9302,-46.4538,-1401.0544
28.2830,-125.9198,-46.4219,-1401.0382
28.2830,-99.5555,-51.5706,1621.3985
28.2830,-100.7341,-51.5504,1493.9142
28.2830,-102.0249,-51.5268,1675.8569
28.2830,-99.5336,-51.5185,1620.8593
28.2830,-100.7090,-51.4776,1492.5640
28.7450,-99.0271,-50.9368,1643.3297
28.7450,-99.0080,-50.8772,1642.3251
28.7450,-99.0025,-50.8217,1640.0652
28.7450,-126.7061,-47.3705,-1452.5041
28.7450,-126.6863,-47.3112,-1452.4337
28.7450,-127.7272,-47.2682,-1565.5270
28.7450,-127.6973,-47.2285,-1563.6976
28.7450,-127.6858,-47.1768,-1564.2622
28.7450,-128.8904,-47.0905,-1696.4007
28.7450,-128.8360,-47.0346,-1692.4964
28.7450,-126.1540,-46.4619,-1424.7635
28.7450,-126.1256,-46.4108,-1423.4915
28.7450,-126.1159,-46.3783,-1423.5740
28.7450,-99.3544,-51.6017,1644.6823
28.7450,-100.4450,-51.5903,1527.1174
28.7450,-99.3400,-51.5676,1644.3446
28.7450,-101.7727,-51.5312,1703.1407
28.7450,-100.4417,-51.5278,1524.0143
28.7450,-101.7478,-51.4792,1702.9249
29.4010,-98.5748,-50.9867,1694.3836
29.4010,-98.5555,-50.9313,1693.6096
29.4010,-98.5521,-50.8822,1691.4611
29.4010,-126.9604,-47.2152,-1485.1478
29.4010,-128.0472,-47.1691,-1603.2744
29.4010,-128.0253,-47.1417,-1601.8692
29.4010,-126.9115,-47.1367,-1482.6264
29.4010,-127.9925,-47.0728,-1600.7430
29.4010,-129.2001,-46.9779,-1411.8425
29.4010,-129.1455,-46.9237,-1407.8664
29.4010,-126.4844,-46.3960,-1462.4721
29.4010,-126.4555,-46.3381,-1461.3821
29.4010,-126.4429,-46.2935,-1461.5752
29.4010,-98.8794,-51.7070,1701.4499
29.4010,-101.3485,-51.6906,1435.8139
29.4010,-100.0103,-51.6769,1578.5321
29.4010,-98.8794,-51.6734,1699.5895
29.4010,-99.9681,-51.6354,1580.7567
29.4010,-101.3270,-51.6352,1435.0398
29.4010,-99.9455,-51.6012,1581.2814
29.4010,-101.3136,-51.5866,1433.7887
30.0980,-98.1175,-51.0526,1746.8536
30.0980,-98.0912,-50.9893,1746.3711
30.0980,-98.0758,-50.9376,1745.3664
30.0980,-127.2979,-47.1669,-1523.0058
30.0980,-128.3786,-47.0772,-1641.9860
30.0980,-127.2325,-47.0652,-1519.5241
30.0980,-128.3459,-47.0325,-1640.0281
30.0980,-128.3265,-46.9759,-1639.9003
30.0980,-129.4128,-46.9029,-1758.9066
30.0980,-129.3475,-46.8490,-1753.7661
30.0980,-126.7326,-46.3455,-1490.8375
30.0980,-126.6985,-46.2878,-1489.1742
30.0980,-126.6787,-46.2427,-1488.6146
30.0980,-100.8693,-51.7719,1491.6953
30.0980,-99.7786,-51.7259,1606.0871
30.0980,-100.8175,-51.7152,1494.1057
30.0980,-100.8214,-51.6488,1490.0086
30.0980,-99.7544,-51.6046,1601.9575
30.4790,-97.7809,-51.1268,1787.0649
30.4790,-97.7470,-51.0646,1787.2465
30.4790,-97.7255,-51.0131,1786.7974
30.4790,-127.4777,-47.0821,-1545.2189
30.4790,-127.4361,-47.0191,-1542.9428
30.4790,-128.5773,-47.0086,-1665.6685
30.4790,-127.4181,-46.9607,-1543.0363
30.4790,-128.5468,-46.9592,-1664.1067
30.4790,-128.5145,-46.9138,-1662.2091
30.4790,-129.5027,-46.8704,-1769.6667
30.4790,-129.4303,-46.8173,-1763.7448
30.4790,-126.8712,-46.3124,-1506.8419
30.4790,-126.8319,-46.2576,-1504.5218
30.4790,-126.8083,-46.2116,-1503.5909
30.4790,-98.2629,-51.8299,1774.3630
30.4790,-100.6188,-51.8140,1520.8908
30.4790,-98.2512,-51.7823,1772.9862
30.4790,-99.3954,-51.7799,1650.1681
30.4790,-100.6179,-51.7465,1517.2452
30.4790,-99.3839,-51.7266,1648.4458
30.4790,-100.5776,-51.7005,1519.0100
30.4790,-99.3664,-51.6914,1648.3768
30.9390,-97.5705,-51.1707,1812.0571
30.9390,-97.5403,-51.1171,1812.3150
30.9390,-97.5189,-51.0691,1811.9452
30.9390,-127.6517,-46.9950,-1566.8975
30.9390,-127.6220,-46.9278,-1566.0412
30.9390,-128.7894,-46.9275,-1691.2073
30.9390,-128.7596,-46.8712,-1689.9651
30.9390,-129.6069,-46.8244,-1782.4361
30.9390,-129.5579,-46.7677,-1779.1364
30.9390,-127.0975,-46.2633,-1532.8026
30.9390,-127.0592,-46.2071,-1530.6413
30.9390,-127.0396,-46.1614,-1530.1243
30.9390,-100.0984,-51.9340,1583.3396
30.9390,-100.1323,-51.8916,1577.3524
30.9390,-98.1049,-51.8787,1794.0108
30.9390,-98.1051,-51.8356,1791.5948
30.9390,-100.0895,-51.8297,1578.5144
30.9390,-99.2451,-51.7986,1667.3182
30.9390,-100.0946,-51.7708,1574.7034
30.9390,-99.2142,-51.7582,1668.4003
30.9390,-99.1721,-51.7238,1671.0046
33.0580,-96.4941,-51.3833,1939.2491
33.0580,-96.4658,-51.3338,1939.5343
33.0580,-129.6100,-46.6504,-1788.7899
33.0580,-130.4640,-46.6131,-1881.6436
33.0580,-130.3887,-46.5605,-1875.3896
33.0580,-129.5115,-46.5255,-1782.5476
33.0580,-130.3753,-46.4793,-1876.7585
33.0580,-128.0218,-46.0585,-1639.0377
33.0580,-127.9740,-46.0054,-1636.0649
33.0580,-127.9394,-45.9567,-1634.3226
33.0580,-99.1043,-52.2713,1708.6273
33.0580,-97.0334,-52.1452,1923.6752
33.0580,-96.9918,-52.1059,1925.9543
33.0580,-98.9761,-52.0767,1711.5787
33.0580,-98.1408,-52.0433,1799.2874
33.0580,-98.9552,-52.0134,1710.3157
33.0580,-98.9071,-51.9679,1712.9554
33.0580,-98.0999,-51.9327,1797.5402
33.0580,-96.5340,-51.4429,1938.2737
33.5450,-96.2723,-51.4395,1966.1445
33.5450,-96.2403,-51.3895,1966.8053
33.5450,-128.8367,-46.6458,-1706.0351
33.5450,-129.7886,-46.5715,-1810.6738
33.5450,-130.6553,-46.5329,-1904.9286
33.5450,-130.5890,-46.4854,-1899.4648
33.5450,-129.6768,-46.4441,-1803.0915
33.5450,-130.5642,-46.4200,-1899.0672
33.5450,-128.2063,-45.9767,-1662.1369
33.5450,-128.1583,-45.9224,-1659.1813
33.5450,-128.1275,-45.8799,-1657.5943
33.5450,-98.9728,-52.3011,1724.3787
33.5450,-96.8151,-52.2158,1950.9858
33.5450,-96.7492,-52.1340,1953.5271
33.5450,-97.9467,-52.1208,1824.4004
33.5450,-98.8116,-52.1206,1731.6507
33.5450,-98.7508,-52.0749,1735.6416
33.5450,-97.9062,-52.0674,1825.7775
33.5450,-98.7410,-52.0186,1733.5658
33.5450,-97.8634,-51.9888,1826.0121
33.5450,-96.3127,-51.4979,1965.0472
34.6550,-129.2372,-46.5200,-1753.3328
34.6550,-129.1513,-46.4396,-1746.9100
34.6550,-131.0237,-46.4109,-1948.6507
34.6550,-129.1159,-46.3824,-1745.0871
34.6550,-130.2970,-46.3645,-1872.3378
34.6550,-130.9762,-46.3396,-1946.0317
34.6550,-130.9252,-46.2735,-1942.8483
34.6550,-130.2229,-46.2540,-1868.2208
34.6550,-130.1905,-46.2385,-1865.2920
34.6550,-128.5967,-45.7831,-1711.8204
34.6550,-128.5456,-45.7319,-1708.4129
34.6550,-128.5088,-45.6902,-1706.1515
34.6550,-98.3939,-52.4309,1793.6442
34.6550,-96.3993,-52.3428,2002.6180
34.6550,-96.2795,-52.2806,2012.0143
34.6550,-98.3152,-52.2780,1793.6032
34.6550,-98.2626,-52.2210,1796.0856
34.6550,-96.2054,-52.1936,2015.1357
34.6550,-97.4793,-52.1829,1877.9616
34.6550,-98.2333,-52.1647,1796.1005
34.6550,-97.4598,-52.0947,1875.1576
34.6550,-95.7881,-51.6281,2028.5211
34.6550,-95.7455,-51.5718,2029.9614
34.6550,-95.7127,-51.5251,2030.8931
34.9400,-129.3124,-46.5032,-1761.9726
34.9400,-129.2418,-46.4027,-1757.8828
34.9400,-131.1236,-46.3773,-1960.5213
34.9400,-129.2113,-46.3468,-1756.5546
34.9400,-130.3820,-46.3257,-1882.8059
34.9400,-131.0762,-46.3019,-1958.0518
34.9400,-131.0309,-46.2438,-1955.2112
34.9400,-130.3085,-46.2173,-1878.6716
34.9400,-130.2830,-46.2009,-1876.5013
34.9400,-128.6905,-45.7389,-1723.6649
34.9400,-128.6421,-45.6849,-1720.6629
34.9400,-128.6068,-45.6390,-1718.7375
34.9400,-98.3115,-52.4534,1803.7265
34.9400,-96.2661,-52.3868,2019.3370
34.9400,-96.1552,-52.3197,2027.5030
34.9400,-98.2048,-52.3130,1807.3850
34.9400,-98.1369,-52.2588,1811.6545
34.9400,-97.4169,-52.2139,1886.3584
34.9400,-96.0618,-52.2087,2031.3652
34.9400,-98.1238,-52.2007,1809.8424
34.9400,-97.3928,-52.1783,1886.9749
34.9400,-97.3867,-52.1573,1886.4684
34.9400,-95.6686,-51.6572,2042.9423
34.9400,-95.6279,-51.6020,2044.2475
34.9400,-95.5980,-51.5566,2044.9306
35.6850,-129.6132,-46.4390,-1796.4465
35.6850,-129.5011,-46.3374,-1787.9463
35.6850,-129.4733,-46.2702,-1787.2860
35.6850,-131.3869,-46.2631,-1992.7097
35.6850,-130.6710,-46.2164,-1917.5716
35.6850,-131.3311,-46.2055,-1988.7227
35.6850,-131.2716,-46.1318,-1984.8968
35.6850,-130.5447,-46.0948,-1908.2341
35.6850,-128.9218,-45.6254,-1753.0524
35.6850,-128.8688,-45.5731,-1749.4909
35.6850,-128.8299,-45.5290,-1747.1048
35.6850,-98.0135,-52.5264,1839.7251
35.6850,-95.8804,-52.4350,2063.3607
35.6850,-97.1775,-52.4088,1922.8439
35.6850,-97.1210,-52.3547,1925.8949
35.6850,-98.0045,-52.3477,1830.7810
35.6850,-97.9550,-52.2760,1832.1132
35.6850,-95.7299,-52.2427,2068.8425
35.6850,-97.9352,-52.2324,1831.8202
35.6850,-95.3595,-51.7355,2080.4340
35.6850,-95.3211,-51.6793,2081.4269
35.6850,-95.2885,-51.6306,2082.2273
36.3410,-129.8178,-46.3363,-1821.9392
36.3410,-129.7598,-46.2674,-1818.1039
36.3410,-129.7055,-46.1975,-1814.7068
36.3410,-131.6194,-46.1704,-2020.8462
36.3410,-130.9084,-46.1120,-1946.6414
36.3410,-131.5879,-46.1012,-2019.8715
36.3410,-131.5193,-46.0517,-2014.3070
36.3410,-130.7943,-45.9934,-1938.9345
36.3410,-129.1490,-45.5170,-1781.7999
36.3410,-129.0929,-45.4680,-1777.7682
36.3410,-129.0506,-45.4230,-1775.0567
36.3410,-97.7866,-52.5900,1867.5793
36.3410,-95.6780,-52.5792,2093.0647
36.3410,-95.6318,-52.5422,2095.9574
36.3410,-96.9287,-52.4414,1951.3262
36.3410,-97.7112,-52.4405,1867.3745
36.3410,-96.9181,-52.4040,1950.3787
36.3410,-97.6476,-52.3902,1871.4074
36.3410,-96.8248,-52.3899,1959.6106
36.3410,-97.6348,-52.3253,1869.1774
36.3410,-95.3791,-52.2791,2108.4701
36.3410,-95.0574,-51.8107,2116.9892
36.3410,-95.0209,-51.7569,2117.9175
36.3410,-94.9900,-51.7105,2118.6593
36.6180,-129.9165,-46.2915,-1834.0778
36.6180,-129.8542,-46.2309,-1829.4943
36.6180,-129.8098,-46.1616,-1827.1249
36.6180,-131.8454,-46.0845,-2048.0478
36.6180,-131.0229,-46.0598,-1960.7579
36.6180,-131.8019,-46.0107,-2046.2696
36.6180,-131.7398,-45.9578,-2041.7544
36.6180,-130.9185,-45.9428,-1954.3034
36.6180,-129.2258,-45.4773,-1791.6372
36.6180,-129.1711,-45.4265,-1787.8317
36.6180,-129.1314,-45.3831,-1785.3257
36.6180,-97.6071,-52.6363,1889.3921
36.6180,-95.5465,-52.6245,2109.6664
36.6180,-95.5143,-52.5854,2110.9531
36.6180,-97.5784,-52.4968,1884.7354
36.6180,-96.7804,-52.4867,1969.7319
36.6180,-97.5499,-52.4309,1884.1343
36.6180,-96.7229,-52.4215,1972.2817
36.6180,-97.4924,-52.3746,1887.1734
36.6180,-96.7133,-52.3572,1969.7469
36.6180,-95.2480,-52.2915,2123.2138
36.6180,-94.9495,-51.8427,2130.3237
36.6180,-94.9116,-51.7848,2131.1861
36.6180,-94.8796,-51.7361,2131.9120
37.4730,-130.1103,-46.2028,-1857.9269
37.4730,-130.0598,-46.1490,-1854.3738
37.4730,-130.0037,-46.0840,-1850.6083
37.4730,-132.0745,-45.9844,-2076.5601
37.4730,-131.2723,-45.9561,-1991.6924
37.4730,-132.0240,-45.9131,-2074.0318
37.4730,-131.9694,-45.8431,-2071.0041
37.4730,-131.1747,-45.8373,-1986.0401
37.4730,-129.4663,-45.3603,-1822.1579
37.4730,-129.4126,-45.3079,-1818.5236
37.4730,-129.3718,-45.2643,-1815.9171
37.4730,-97.2618,-52.7242,1931.2882
37.4730,-95.2376,-52.7165,2147.8908
37.4730,-95.2199,-52.6877,2148.1875
37.4730,-97.1587,-52.6263,1936.9097
37.4730,-97.0855,-52.5715,1941.7185
37.4730,-96.5034,-52.5701,2004.0593
37.4730,-97.0774,-52.5203,1939.7506
37.4730,-96.4342,-52.5182,2008.5974
37.4730,-96.4028,-52.4714,2009.3689
37.4730,-94.8395,-52.3311,2169.2016
37.4730,-94.6243,-51.9217,2169.5752
37.4730,-94.5892,-51.8632,2170.0986
37.4730,-94.5569,-51.8150,2170.8907
38.4260,-130.4221,-46.0596,-1896.3513
38.4260,-130.3951,-46.0138,-1895.3100
38.4260,-130.3478,-45.9722,-1891.9198
38.4260,-132.3695,-45.8677,-2112.9119
38.4260,-131.5513,-45.8390,-2026.3465
38.4260,-132.3096,-45.7933,-2109.4981
38.4260,-132.2656,-45.7222,-2107.6503
38.4260,-131.4639,-45.7215,-2021.7278
38.4260,-129.7503,-45.2185,-1858.3446
38.4260,-129.7050,-45.1636,-1855.7112
38.4260,-129.6614,-45.1175,-1852.9022
38.4260,-97.0683,-52.7734,1954.7629
38.4260,-96.9895,-52.6730,1957.6495
38.4260,-96.0934,-52.6292,2051.2933
38.4260,-96.9555,-52.6107,1957.8395
38.4260,-96.9138,-52.5644,1959.7438
38.4260,-94.4728,-52.3649,2210.3920
38.4260,-94.2418,-52.0155,2215.7906
38.4260,-94.2050,-51.9578,2216.5370
38.4260,-94.1748,-51.9092,2217.0771
40.1300,-130.9653,-45.8388,-1963.5273
40.1300,-130.9038,-45.7679,-1959.8010
40.1300,-130.8467,-45.7026,-1956.3128
40.1300,-132.9135,-45.6363,-2180.5906
40.1300,-132.8488,-45.5601,-2176.7401
40.1300,-131.9635,-45.5152,-2083.6414
40.1300,-132.7928,-45.4808,-2173.9500
40.1300,-132.0521,-45.4215,-2096.9319
40.1300,-132.6696,-45.3692,-2165.2526
40.1300,-130.2451,-44.9714,-1921.3886
40.1300,-130.1965,-44.9199,-1918.2651
40.1300,-130.1527,-44.8729,-1915.4698
40.1300,-96.4075,-52.7769,2025.8075
40.1300,-95.3781,-52.7300,2133.5694
40.1300,-96.3821,-52.7198,2025.3674
40.1300,-93.7959,-52.4218,2286.1264
40.1300,-93.5857,-52.1814,2295.3301
40.1300,-93.5462,-52.1245,2296.4135
40.1300,-93.5146,-52.0739,2296.9911
41.3890,-131.3970,-45.6596,-2017.0584
41.3890,-131.3106,-45.5776,-2011.1090
41.3890,-131.2595,-45.5106,-2008.3462
41.3890,-132.4583,-45.4440,-2139.5768
41.3890,-132.3685,-45.3432,-2134.0165
41.3890,-132.9331,-45.2578,-2198.0142
41.3890,-93.1578,-52.4743,2357.4541
43.7890,-132.9919,-45.2187,-2205.8991
43.7890,-132.9465,-45.2111,-2201.3359
43.7890,-133.4281,-45.1273,-2256.3651
43.7890,-132.8997,-45.1189,-2200.0489
43.7890,-133.3960,-45.0825,-2254.7318
43.7890,-132.8728,-45.0702,-2199.1321